{
  "model": "nc_adapter",
  "mode": "ls_only",
  "epochs_requested": 80,
  "epochs_trained": 34,
  "early_stopped": true,
  "patience": 15,
  "min_delta": 0.0,
  "best_epoch": 19,
  "best_val_nmse": 0.9855121374130249,
  "base_val_nmse_at_best": 0.98991259932518,
  "test_nmse": 0.9891679883003235,
  "base_test_nmse": 0.9917680323123932,
  "delta_vs_base_test_nmse": -0.002600044012069702,
  "test_db": -0.04729946829019313,
  "base_test_db": -0.035898944458730896,
  "adapter_scale": 0.1,
  "noise_weight": 0.001,
  "correction_weight": 0.001,
  "freeze_base": true,
  "best_model": "deepmimo_multibs\\processed\\city_7_sandiego_3p5_rx0_tx1_2_3_channel_snr-10_top5000\\runs\\nc_adapter_ls_only_nw0001_s01_ep80_es15\\best_model.pth"
}