{
  "data_dir": "deepmimo_multibs\\processed\\o1_60_rx0_tx10_11_12_channel_snr-5",
  "checkpoint": "deepmimo_multibs\\processed\\o1_60_rx0_tx10_11_12_channel_snr-5\\runs\\cbdnet_ls_only_nw001_ep100_es20\\best_model.pth",
  "mode": "ls_only",
  "split": "test",
  "n_samples_visualized": 500,
  "ls_file": "deepmimo_multibs\\processed\\o1_60_rx0_tx10_11_12_channel_snr-5\\ls_target_snr-5.npy",
  "ls_nmse": 9.910909652709961,
  "refined_nmse": 0.6430436372756958,
  "nmse_gain": 9.267866015434265,
  "true_noise_energy_mean": 0.07630036771297455,
  "pred_noise_energy_mean": 0.03041806071996689,
  "ls_error_energy_mean": 0.07630036771297455,
  "refined_error_energy_mean": 0.009675982408225536,
  "residual_energy_mean": 0.07533431798219681,
  "noise_energy_corr": 0.3419349784933896,
  "error_energy_corr_before_after": 0.03974663109372233
}