{
  "data_dir": "deepmimo_multibs\\processed\\o1_60_rx0_tx10_11_12_channel_snr-10",
  "checkpoint": "deepmimo_multibs\\processed\\o1_60_rx0_tx10_11_12_channel_snr-10\\runs\\cbdnet_ls_only_nw001_ep100_es20\\best_model.pth",
  "mode": "ls_only",
  "split": "test",
  "n_samples_visualized": 64,
  "ls_file": "deepmimo_multibs\\processed\\o1_60_rx0_tx10_11_12_channel_snr-10\\ls_target_snr-10.npy",
  "ls_nmse": 43.06511688232422,
  "refined_nmse": 0.9211057424545288,
  "nmse_gain": 42.14401113986969,
  "true_noise_energy_mean": 0.08913525193929672,
  "pred_noise_energy_mean": 0.014884726144373417,
  "ls_error_energy_mean": 0.08913525193929672,
  "refined_error_energy_mean": 0.006358652841299772,
  "residual_energy_mean": 0.09138724207878113,
  "noise_energy_corr": 0.2751224485312849,
  "error_energy_corr_before_after": 0.04100007126988467
}